<?xml version="1.0" encoding="UTF-8"?>
<rss version="2.0" xmlns:ror="http://rorweb.com/0.1/" >
<channel>
  <title>ROR Sitemap for https://oskycotta.github.io/labellevittoria/</title>
  <link>https://oskycotta.github.io/labellevittoria/</link>

<item>
     <link>https://oskycotta.github.io/labellevittoria/</link>
     <title>La belle Vittoria</title>
     <description>La belle Vittoria</description>
     <ror:updatePeriod></ror:updatePeriod>
     <ror:sortOrder>0</ror:sortOrder>
     <ror:resourceOf>sitemap</ror:resourceOf>
</item>
<item>
     <link>https://oskycotta.github.io/labellevittoria/index.html</link>
     <title>La belle Vittoria</title>
     <description>La belle Vittoria</description>
     <ror:updatePeriod></ror:updatePeriod>
     <ror:sortOrder>1</ror:sortOrder>
     <ror:resourceOf>sitemap</ror:resourceOf>
</item>
<item>
     <link>https://oskycotta.github.io/labellevittoria/html/quienessomos.html</link>
     <title>La belle Vittoria</title>
     <description>La belle Vittoria</description>
     <ror:updatePeriod></ror:updatePeriod>
     <ror:sortOrder>1</ror:sortOrder>
     <ror:resourceOf>sitemap</ror:resourceOf>
</item>
<item>
     <link>https://oskycotta.github.io/labellevittoria/html/productos.html</link>
     <title>La belle Vittoria</title>
     <description>La belle Vittoria</description>
     <ror:updatePeriod></ror:updatePeriod>
     <ror:sortOrder>1</ror:sortOrder>
     <ror:resourceOf>sitemap</ror:resourceOf>
</item>
<item>
     <link>https://oskycotta.github.io/labellevittoria/html/familialabelle.html</link>
     <title>La belle Vittoria</title>
     <description>La belle Vittoria</description>
     <ror:updatePeriod></ror:updatePeriod>
     <ror:sortOrder>1</ror:sortOrder>
     <ror:resourceOf>sitemap</ror:resourceOf>
</item>
<item>
     <link>https://oskycotta.github.io/labellevittoria/html/contacto.html</link>
     <title>La belle Vittoria</title>
     <description>La belle Vittoria</description>
     <ror:updatePeriod></ror:updatePeriod>
     <ror:sortOrder>1</ror:sortOrder>
     <ror:resourceOf>sitemap</ror:resourceOf>
</item>
</channel>
</rss>
  